product_number,name,L_star,a_star,b_star,R_400,R_410,R_420,R_430,R_440,R_450,R_460,R_470,R_480,R_490,R_500,R_510,R_520,R_530,R_540,R_550,R_560,R_570,R_580,R_590,R_600,R_610,R_620,R_630,R_640,R_650,R_660,R_670,R_680,R_690,R_700,KS_400,KS_410,KS_420,KS_430,KS_440,KS_450,KS_460,KS_470,KS_480,KS_490,KS_500,KS_510,KS_520,KS_530,KS_540,KS_550,KS_560,KS_570,KS_580,KS_590,KS_600,KS_610,KS_620,KS_630,KS_640,KS_650,KS_660,KS_670,KS_680,KS_690,KS_700
1450,Alizarin Crimson Hue,27.9999,10.7729,2.8572,5.44,5.17,4.97,4.92,4.9,4.82,4.89,4.82,4.78,4.74,4.58,4.5,4.45,4.43,4.43,4.43,4.54,4.87,5.55,6.57,7.71,8.55,9.05,9.22,9.29,9.38,9.77,10.5,11.59,12.88,14.26,8.2184,8.697,9.0852,9.1872,9.2286,9.3975,9.2494,9.3975,9.4842,9.5722,9.9399,10.1336,10.2582,10.3088,10.3088,10.3088,10.0359,9.2913,8.0368,6.6432,5.5236,4.8907,4.5701,4.4691,4.4286,4.3774,4.1666,3.8144,3.372,2.9464,2.5776
1005,Anthraquinone Blue,24.2254,3.7173,-5.25,6.32,6.78,6.74,6.22,5.65,5.07,4.66,4.41,4.23,4.17,4.05,4.05,4.04,4.01,4.02,4.03,4.05,4.12,4.16,4.18,4.25,4.3,4.37,4.43,4.51,4.56,4.64,4.67,4.79,4.92,5.07,6.943,6.4085,6.4521,7.0697,7.8778,8.8873,9.7529,10.3599,10.8415,11.0113,11.3659,11.3659,11.3964,11.4889,11.4579,11.4271,11.3659,11.1565,11.04,10.9826,10.786,10.6494,10.4635,10.3088,10.109,9.9877,9.7991,9.73,9.4624,9.1872,8.8873
1464,Azurite Hue,31.3563,-4.8022,-15.6931,10.25,10.51,10.58,10.82,11.41,11.97,12.22,12.05,11.77,11.37,10.68,9.82,8.66,7.43,6.42,5.62,5.1,4.83,4.73,4.72,4.72,4.73,4.82,4.94,5.12,5.28,5.38,5.28,5.07,4.94,5.02,3.9293,3.8099,3.7788,3.6752,3.4392,3.237,3.1528,3.2096,3.3069,3.4544,3.735,4.1407,4.817,5.7666,6.8203,7.9249,8.8294,9.3761,9.5945,9.6168,9.6168,9.5945,9.3975,9.1462,8.7912,8.4961,8.3206,8.4961,8.8873,9.1462,8.9853
1007,Bismuth Vanadate Yellow,90.2079,-3.9216,91.2348,5.15,5.17,5.26,5.35,5.5,5.62,6.54,9.27,16.77,28.58,44.63,60.0,72.6,81.26,86.53,89.37,90.62,91.18,91.6,91.78,91.91,92.07,92.15,92.35,92.42,92.7,92.79,92.85,92.8,92.84,92.89,8.7345,8.697,8.532,8.3725,8.1184,7.9249,6.678,4.4401,2.0654,0.8924,0.3435,0.1333,0.0517,0.0216,0.0105,0.0063,0.0049,0.0043,0.0039,0.0037,0.0036,0.0034,0.0033,0.0032,0.0031,0.0029,0.0028,0.0028,0.0028,0.0028,0.0027
1010,Bone Black,24.0311,0.066,-0.3317,4.25,4.2,4.19,4.18,4.2,4.15,4.18,4.14,4.16,4.14,4.11,4.12,4.13,4.11,4.1,4.1,4.1,4.1,4.08,4.09,4.12,4.1,4.11,4.1,4.09,4.1,4.14,4.09,4.09,4.09,4.1,10.786,10.9258,10.9541,10.9826,10.9258,11.0689,10.9826,11.098,11.04,11.098,11.186,11.1565,11.1272,11.186,11.2156,11.2156,11.2156,11.2156,11.2753,11.2454,11.1565,11.2156,11.186,11.2156,11.2454,11.2156,11.098,11.2454,11.2454,11.2454,11.2156
1020,Burnt Sienna,33.7941,17.1569,13.0517,4.61,4.62,4.66,4.71,4.8,4.81,4.87,4.86,4.91,4.99,5.05,5.16,5.27,5.41,5.67,6.09,6.83,7.92,9.34,10.93,12.49,13.89,15.14,16.19,17.09,18.0,18.88,19.68,20.55,21.4,22.32,9.869,9.8456,9.7529,9.6393,9.4407,9.4191,9.2913,9.3124,9.2078,9.045,8.9262,8.7157,8.514,8.2692,7.8467,7.2406,6.3548,5.3527,4.4,3.6292,3.0657,2.6692,2.3782,2.1693,2.0111,1.8678,1.7427,1.6391,1.5358,1.4434,1.3517
1030,Burnt Umber,27.3924,3.2022,3.3147,4.45,4.46,4.5,4.51,4.53,4.57,4.59,4.61,4.61,4.68,4.67,4.75,4.79,4.83,4.93,5.05,5.21,5.4,5.58,5.75,5.95,6.07,6.2,6.33,6.39,6.51,6.62,6.69,6.77,6.89,6.99,10.2582,10.2331,10.1336,10.109,10.0602,9.9638,9.9162,9.869,9.869,9.7072,9.73,9.5501,9.4624,9.3761,9.1666,8.9262,8.623,8.2863,7.9885,7.7244,7.4331,7.2676,7.0955,6.9305,6.8567,6.713,6.586,6.5073,6.4194,6.2913,6.188
1035,Burnt Umber Light,29.2237,6.9523,6.4196,4.44,4.46,4.48,4.48,4.56,4.53,4.64,4.61,4.66,4.73,4.75,4.83,4.92,4.99,5.18,5.41,5.76,6.22,6.7,7.19,7.58,7.9,8.16,8.4,8.61,8.87,9.07,9.31,9.48,9.72,9.96,10.2835,10.2331,10.1831,10.1831,9.9877,10.0602,9.7991,9.869,9.7529,9.5945,9.5501,9.3761,9.1872,9.045,8.6784,8.2692,7.7094,7.0697,6.4962,5.9901,5.6342,5.3686,5.1683,4.9944,4.8503,4.6813,4.558,4.4171,4.3217,4.1926,4.0699
1080,Cad Red Dark,38.3462,43.4472,20.2298,5.09,5.02,4.96,4.97,4.98,4.91,4.98,4.92,4.95,4.97,4.96,4.99,5.03,5.11,5.22,5.3,5.37,5.42,5.47,6.53,12.15,24.29,39.85,53.32,63.33,70.94,76.25,79.86,82.75,84.88,86.41,8.8486,8.9853,9.1054,9.0852,9.0651,9.2078,9.0651,9.1872,9.1258,9.0852,9.1054,9.045,8.9655,8.8103,8.6046,8.4605,8.3378,8.2522,8.1681,6.6896,3.176,1.1799,0.454,0.2043,0.1062,0.0595,0.037,0.0254,0.018,0.0135,0.0107
1090,Cad Red Light,51.5778,59.3564,43.4868,4.87,4.85,4.83,4.83,4.85,4.83,4.88,4.88,4.9,4.95,4.96,5.09,5.28,5.46,5.59,5.68,6.13,9.05,18.79,36.08,54.8,69.34,78.67,83.84,86.46,88.26,89.29,90.07,90.62,91.07,91.48,9.2913,9.3335,9.3761,9.3761,9.3335,9.3761,9.2703,9.2703,9.2286,9.1258,9.1054,8.8486,8.4961,8.1848,7.9725,7.8312,7.1873,4.5701,1.7549,0.5662,0.1864,0.0678,0.0289,0.0156,0.0106,0.0078,0.0064,0.0055,0.0049,0.0044,0.004
1100,Cad Red Medium,42.4416,50.1614,27.6547,4.89,4.86,4.86,4.85,4.91,4.83,4.89,4.89,4.92,4.95,4.93,5.01,5.13,5.26,5.42,5.54,5.61,5.86,7.27,12.01,21.89,36.2,52.52,66.52,76.06,82.0,85.22,87.33,88.75,89.71,90.39,9.2494,9.3124,9.3124,9.3335,9.2078,9.3761,9.2494,9.2494,9.1872,9.1258,9.1666,9.0051,8.7722,8.532,8.2522,8.053,7.9407,7.5617,5.9139,3.2232,1.3936,0.5622,0.2146,0.0843,0.0377,0.0198,0.0128,0.0092,0.0071,0.0059,0.0051
1110,Cad Yellow Dark,79.0252,26.4826,88.1167,5.01,4.99,5.01,4.99,5.07,5.05,5.16,5.18,5.3,5.43,6.22,10.72,22.53,37.16,49.66,61.08,72.03,80.16,85.0,87.71,89.23,90.15,90.73,91.13,91.39,91.66,91.5,91.14,91.11,90.96,90.62,9.0051,9.045,9.0051,9.045,8.8873,8.9262,8.7157,8.6784,8.4605,8.2353,7.0697,3.7178,1.3319,0.5313,0.2551,0.124,0.0543,0.0246,0.0132,0.0086,0.0065,0.0054,0.0047,0.0043,0.0041,0.0038,0.0039,0.0043,0.0043,0.0045,0.0049
1130,Cad Yellow Medium,84.0846,15.446,95.3047,5.05,5.03,5.04,5.07,5.14,5.12,5.25,5.31,5.5,5.55,7.6,17.32,37.13,57.79,72.26,80.49,85.01,87.79,89.55,90.63,91.3,91.73,91.94,92.17,92.23,92.32,91.89,91.28,91.01,90.72,90.18,8.9262,8.9655,8.9458,8.8873,8.7533,8.7912,8.5501,8.4427,8.1184,8.0368,5.6169,1.9734,0.5323,0.1542,0.0532,0.0236,0.0132,0.0085,0.0061,0.0048,0.0041,0.0037,0.0035,0.0033,0.0033,0.0032,0.0036,0.0042,0.0044,0.0047,0.0053
1135,cad yellow Primrose,90.9781,-10.4873,84.4754,4.97,4.95,4.99,5.01,5.12,5.37,7.46,14.73,30.7,46.86,60.87,72.62,80.81,84.61,86.22,87.12,87.63,87.97,88.28,88.49,88.62,88.92,89.57,90.66,91.35,91.83,91.68,91.03,90.19,90.03,89.88,9.0852,9.1258,9.045,9.0051,8.7912,8.3378,5.7397,2.4681,0.7822,0.3013,0.1258,0.0516,0.0228,0.014,0.011,0.0095,0.0087,0.0082,0.0078,0.0075,0.0073,0.0069,0.0061,0.0048,0.0041,0.0036,0.0038,0.0044,0.0053,0.0055,0.0057
1070,Cadmium Orange,63.6474,54.1352,64.0936,4.84,4.83,4.85,4.86,4.88,4.87,4.91,4.92,4.93,5.01,5.09,5.33,5.5,5.58,6.85,12.66,25.77,43.41,60.11,72.37,79.87,84.31,86.92,88.53,89.52,90.39,90.85,91.15,91.35,91.52,91.71,9.3548,9.3761,9.3335,9.3124,9.2703,9.2913,9.2078,9.1872,9.1666,9.0051,8.8486,8.4075,8.1184,7.9885,6.3335,3.0127,1.0691,0.3689,0.1324,0.0527,0.0254,0.0146,0.0098,0.0074,0.0061,0.0051,0.0046,0.0043,0.0041,0.0039,0.0037
1120,Cadmium Yellow Light,88.8915,-2.3459,94.1684,5.07,5.09,5.11,5.14,5.18,5.24,5.45,6.33,10.99,21.04,38.2,56.98,71.37,79.19,83.32,85.9,87.52,88.56,89.28,89.74,90.01,90.28,90.44,90.67,90.77,91.04,90.89,90.34,89.49,89.26,89.17,8.8873,8.8486,8.8103,8.7533,8.6784,8.5682,8.2016,6.9305,3.6045,1.4816,0.4999,0.1624,0.0574,0.0273,0.0167,0.0116,0.0089,0.0074,0.0064,0.0059,0.0055,0.0052,0.0051,0.0048,0.0047,0.0044,0.0046,0.0052,0.0062,0.0065,0.0066
1040,Carbon Black,25.6535,0.2411,0.1434,4.64,4.6,4.62,4.6,4.63,4.58,4.61,4.58,4.6,4.62,4.55,4.62,4.62,4.59,4.63,4.62,4.62,4.64,4.63,4.66,4.67,4.66,4.69,4.72,4.72,4.73,4.75,4.76,4.78,4.78,4.79,9.7991,9.8926,9.8456,9.8926,9.8223,9.9399,9.869,9.9399,9.8926,9.8456,10.0118,9.8456,9.8456,9.9162,9.8223,9.8456,9.8456,9.7991,9.8223,9.7529,9.73,9.7529,9.6844,9.6168,9.6168,9.5945,9.5501,9.528,9.4842,9.4842,9.4624
1050,Cerulean Blue Chromium,41.7025,-11.9904,-32.609,23.25,23.02,24.0,24.86,26.24,29.04,32.18,33.38,32.1,32.63,31.41,25.2,17.4,11.69,8.24,6.54,5.98,5.56,5.18,5.04,5.16,5.32,5.32,5.27,5.56,6.95,11.02,19.43,32.65,47.43,60.33,1.2668,1.2871,1.2033,1.1356,1.0367,0.867,0.7147,0.6648,0.7181,0.6955,0.7489,1.1101,1.9606,3.3356,5.1092,6.678,7.3911,8.0206,8.6784,8.9458,8.7157,8.4251,8.4251,8.514,8.0206,6.229,3.5923,1.6705,0.6946,0.2913,0.1304
1051,Cerulean Blue Deep,37.6542,-16.3351,-22.7279,18.25,17.09,16.98,17.97,18.41,18.59,19.58,20.73,21.27,21.81,22.86,21.48,16.45,11.21,7.77,5.86,5.08,4.82,4.65,4.49,4.48,4.53,4.63,4.61,4.62,4.76,5.34,6.86,10.7,17.64,27.25,1.831,2.0111,2.0295,1.8723,1.808,1.7826,1.6515,1.5156,1.4571,1.4016,1.3015,1.4351,2.1218,3.5164,5.4739,7.5617,8.8679,9.3975,9.7759,10.1583,10.1831,10.0602,9.8223,9.869,9.8456,9.528,8.39,6.3229,3.7264,1.9227,0.9711
1060,Chromium Oxide,44.195,-15.7775,16.2045,13.01,16.49,13.4,9.71,7.73,6.91,6.72,6.84,7.32,8.38,9.72,12.1,17.21,22.43,23.27,19.78,15.33,12.07,10.18,9.27,9.08,9.27,9.77,10.42,11.3,12.6,14.29,16.04,17.75,19.4,21.19,2.9082,2.1146,2.7983,4.1979,5.507,6.2704,6.4741,6.3441,5.8672,5.0085,4.1926,3.1927,1.9913,1.3413,1.265,1.6267,2.3382,3.2029,3.9625,4.4401,4.552,4.4401,4.1666,3.8506,3.4813,3.0313,2.5704,2.1974,1.9057,1.6743,1.4656
1061,Chromium Oxide Dark,33.5702,-9.3715,8.6083,7.22,8.65,7.44,6.07,5.48,5.19,5.14,5.08,5.21,5.53,5.92,6.74,8.94,11.56,12.05,10.26,8.16,6.84,6.15,5.84,5.8,5.84,6.02,6.27,6.57,7.13,7.87,8.68,9.54,10.46,11.53,5.9613,4.8236,5.7576,7.2676,8.1515,8.6599,8.7533,8.8679,8.623,8.0692,7.4755,6.4521,4.6375,3.3831,3.2096,3.9246,5.1683,6.3441,7.1608,7.5908,7.6497,7.5908,7.3357,7.0058,6.6432,6.0483,5.3926,4.8038,4.2888,3.8324,3.3942
1140,Cobalt Blue,36.0876,11.3618,-48.5361,27.66,30.0,35.12,38.01,37.95,35.61,33.47,29.07,25.11,26.54,23.42,15.22,8.71,5.76,4.75,4.5,4.4,4.26,4.17,4.19,4.29,4.35,4.34,4.42,4.71,5.76,8.73,15.01,26.22,43.07,61.31,0.946,0.8167,0.5993,0.5055,0.5073,0.5821,0.6612,0.8653,1.1168,1.0166,1.252,2.3613,4.7841,7.7094,9.5501,10.1336,10.3856,10.7584,11.0113,10.9541,10.6765,10.516,10.5424,10.3343,9.6393,7.7094,4.771,2.4062,1.038,0.3763,0.1221
1142,Cobalt Green,35.043,-18.2568,3.2579,6.08,6.22,6.3,6.51,6.86,7.16,7.75,8.29,9.13,10.13,11.3,12.63,13.14,12.36,10.69,8.83,7.25,6.22,5.79,5.59,5.37,5.15,5.15,5.23,5.26,5.24,5.24,5.33,5.78,6.92,9.45,7.2541,7.0697,6.968,6.713,6.3229,6.019,5.4904,5.0728,4.5221,3.9865,3.4813,3.022,2.8709,3.1071,3.7307,4.7067,5.9328,7.0697,7.6645,7.9725,8.3378,8.7345,8.7345,8.5864,8.532,8.5682,8.5682,8.4075,7.6794,6.26,4.3383
1145,Cobalt Teal,63.8006,-41.4205,-9.5447,11.65,16.85,22.23,28.02,34.93,41.12,46.26,49.54,51.84,51.69,49.95,52.5,55.27,51.92,43.53,34.12,25.36,18.62,15.07,13.63,12.56,11.13,10.49,10.66,10.7,10.52,10.14,9.79,10.05,11.66,16.45,3.3501,2.0516,1.3604,0.9245,0.6061,0.4216,0.3121,0.257,0.2237,0.2258,0.2508,0.2149,0.181,0.2226,0.3663,0.636,1.0984,1.7784,2.3932,2.7365,3.0437,3.548,3.8189,3.7437,3.7264,3.8055,3.9817,4.1562,4.0254,3.3465,2.1218
1143,Cobalt Titanate Green,59.7889,-33.5042,24.5333,5.62,6.18,7.04,8.33,10.34,12.93,16.28,19.93,24.25,28.42,32.37,35.9,38.93,40.11,38.67,34.83,29.5,24.27,20.81,19.12,17.91,16.1,14.58,14.19,14.45,14.75,14.6,14.07,13.77,14.26,16.02,7.9249,7.1215,6.1375,5.0441,3.8873,2.9316,2.1527,1.6084,1.1831,0.9014,0.7065,0.5723,0.479,0.4471,0.4863,0.6097,0.8424,1.1815,1.5067,1.7107,1.8813,2.1861,2.5023,2.5946,2.5325,2.4636,2.4977,2.624,2.6999,2.5776,2.2012
1144,Cobalt Turquoise,42.616,-28.9113,-9.4468,16.76,15.09,14.21,14.52,15.25,15.88,17.12,18.57,20.36,22.18,24.19,25.52,23.71,19.27,14.65,10.97,8.21,6.61,6.02,5.62,5.23,5.04,5.14,5.27,5.22,5.16,5.27,5.76,7.58,12.01,20.25,2.0671,2.3889,2.5897,2.5161,2.3549,2.228,2.0062,1.7854,1.5576,1.3652,1.1879,1.0868,1.2274,1.6911,2.4862,3.6127,5.1312,6.5973,7.3357,7.9249,8.5864,8.9458,8.7533,8.514,8.6046,8.7157,8.514,7.7094,5.6342,3.2232,1.5704
1147,Diarylide Yellow,75.8244,34.3257,81.6942,6.31,6.18,6.01,5.83,5.62,5.48,5.44,5.24,5.1,5.07,5.15,5.47,8.53,18.74,36.88,55.31,69.27,78.71,83.78,85.81,86.78,87.5,88.09,88.74,89.25,89.98,90.43,90.7,90.77,90.88,91.02,6.9555,7.1215,7.3495,7.6055,7.9249,8.1515,8.2184,8.5682,8.8294,8.8873,8.7345,8.1681,4.9043,1.7618,0.5401,0.1805,0.0682,0.0288,0.0157,0.0117,0.0101,0.0089,0.0081,0.0071,0.0065,0.0056,0.0051,0.0048,0.0047,0.0046,0.0044
1150,Dioxazine Purple,25.2101,2.2096,0.9802,4.6,4.52,4.49,4.41,4.37,4.27,4.24,4.21,4.17,4.2,4.11,4.14,4.2,4.29,4.38,4.39,4.46,4.64,4.78,4.85,4.79,4.62,4.54,4.67,4.95,5.35,6.03,6.92,8.22,9.99,12.69,9.8926,10.0845,10.1583,10.3599,10.4635,10.731,10.8137,10.8975,11.0113,10.9258,11.186,11.098,10.9258,10.6765,10.4374,10.4115,10.2331,9.7991,9.4842,9.3335,9.4624,9.8456,10.0359,9.73,9.1258,8.3725,7.322,6.26,5.1238,4.055,3.0036
1170,Green Gold,45.6373,-11.9911,31.5097,4.52,4.41,4.34,4.38,4.44,4.36,4.63,5.14,6.93,9.46,11.82,13.52,14.93,16.31,17.63,18.74,19.3,19.05,18.36,17.03,14.58,11.87,10.21,9.47,9.07,8.68,8.51,8.72,9.29,10.15,11.23,10.0845,10.3599,10.5424,10.4374,10.2835,10.4897,9.8223,8.7533,6.2497,4.3327,3.2892,2.7658,2.4236,2.1472,1.9242,1.7618,1.6872,1.7199,1.8151,2.0211,2.5023,3.2716,3.9482,4.3272,4.558,4.8038,4.918,4.7775,4.4286,3.9769,3.5085
1180,Hansa Yellow Light,87.7526,-3.9018,88.7411,5.6,5.63,5.55,5.5,5.57,5.48,5.55,6.85,15.29,28.84,45.19,60.12,70.4,75.56,78.39,80.58,82.27,83.59,84.74,85.59,86.22,86.72,87.16,87.66,88.05,88.6,88.86,88.93,88.8,88.73,88.84,7.9566,7.9091,8.0368,8.1184,8.0045,8.1515,8.0368,6.3335,2.3466,0.8779,0.3324,0.1323,0.0622,0.0395,0.0298,0.0234,0.0191,0.0161,0.0137,0.0121,0.011,0.0102,0.0095,0.0087,0.0081,0.0073,0.007,0.0069,0.0071,0.0072,0.007
1190,Hansa Yellow Medium,78.6762,19.4212,90.4851,4.24,4.24,4.26,4.23,4.3,4.25,4.36,4.4,4.58,5.12,7.66,14.57,27.55,42.91,56.63,66.06,71.52,75.06,77.77,79.83,81.32,82.4,83.35,84.34,85.21,86.18,86.82,87.13,87.21,87.29,87.5,10.8137,10.8137,10.7584,10.8415,10.6494,10.786,10.4897,10.3856,9.9399,8.7912,5.5657,2.5046,0.9526,0.3798,0.1661,0.0872,0.0567,0.0414,0.0318,0.0255,0.0215,0.0188,0.0166,0.0145,0.0128,0.0111,0.01,0.0095,0.0094,0.0093,0.0089
1454,Hookers Green Hue,26.5007,-2.1112,-0.0037,4.99,4.81,4.7,4.63,4.62,4.56,4.74,5.2,6.06,6.42,5.94,5.44,5.06,4.81,4.69,4.62,4.58,4.63,4.66,4.67,4.75,4.76,4.82,4.89,4.92,4.95,5.02,5.03,5.09,5.19,5.29,9.045,9.4191,9.6618,9.8223,9.8456,9.9877,9.5722,8.6414,7.2811,6.8203,7.4472,8.2184,8.9067,9.4191,9.6844,9.8456,9.9399,9.8223,9.7529,9.73,9.5501,9.528,9.3975,9.2494,9.1872,9.1258,8.9853,8.9655,8.8486,8.6599,8.4782
1455,Indian Yellow Hue,53.9198,30.8574,47.6601,4.33,4.31,4.36,4.35,4.37,4.4,4.51,4.75,5.24,6.35,9.03,12.27,14.75,16.34,15.91,13.95,13.53,17.68,27.43,38.03,44.61,47.74,50.0,53.03,56.71,60.07,62.0,63.13,65.0,67.85,70.87,10.569,10.6225,10.4897,10.516,10.4635,10.3856,10.109,9.5501,8.5682,6.9058,4.5822,3.1363,2.4636,2.1417,2.2222,2.654,2.7631,1.9165,0.96,0.5049,0.3439,0.286,0.25,0.208,0.1652,0.1327,0.1165,0.1077,0.0942,0.0762,0.0599
1195,Jenkins Green,25.7612,-3.6221,0.1597,4.43,4.41,4.45,4.44,4.45,4.4,4.54,4.82,5.36,5.6,5.38,5.19,5.03,4.87,4.76,4.65,4.56,4.48,4.37,4.3,4.22,4.15,4.12,4.13,4.12,4.11,4.21,4.23,4.3,4.31,4.34,10.3088,10.3599,10.2582,10.2835,10.2582,10.3856,10.0359,9.3975,8.3552,7.9566,8.3206,8.6599,8.9655,9.2913,9.528,9.7759,9.9877,10.1831,10.4635,10.6494,10.8694,11.0689,11.1565,11.1272,11.1565,11.186,10.8975,10.8415,10.6494,10.6225,10.5424
1457,Manganese Blue Hue,39.1152,-15.1418,-30.714,13.07,15.02,15.97,17.42,21.17,25.38,29.36,32.65,33.01,30.45,25.47,19.87,14.54,10.49,7.86,6.19,5.24,4.81,4.62,4.52,4.52,4.49,4.49,4.49,4.56,4.58,4.65,4.67,4.64,4.61,4.65,2.8909,2.404,2.2107,1.9574,1.4677,1.097,0.8498,0.6946,0.6797,0.7943,1.0904,1.6157,2.5115,3.8189,5.4006,7.1085,8.5682,9.4191,9.8456,10.0845,10.0845,10.1583,10.1583,10.1583,9.9877,9.9399,9.7759,9.73,9.7991,9.869,9.7759
1200,Mars Black,25.4982,0.3862,0.0747,4.62,4.6,4.58,4.58,4.59,4.54,4.57,4.54,4.55,4.57,4.5,4.55,4.56,4.53,4.56,4.56,4.58,4.57,4.57,4.61,4.63,4.64,4.67,4.7,4.7,4.73,4.75,4.77,4.81,4.81,4.82,9.8456,9.8926,9.9399,9.9399,9.9162,10.0359,9.9638,10.0359,10.0118,9.9638,10.1336,10.0118,9.9877,10.0602,9.9877,9.9877,9.9399,9.9638,9.9638,9.869,9.8223,9.7991,9.73,9.6618,9.6618,9.5945,9.5501,9.506,9.4191,9.4191,9.3975
1202,Mars yellow,47.0842,26.2717,27.365,5.81,5.9,6.02,6.24,6.63,6.82,6.92,6.91,7.04,7.27,7.59,8.07,8.66,9.35,10.25,11.52,13.72,17.19,21.75,26.49,30.27,32.61,33.85,34.45,34.82,35.37,35.93,36.64,37.59,38.83,40.31,7.6349,7.5041,7.3357,7.044,6.5746,6.3655,6.26,6.2704,6.1375,5.9139,5.6256,5.2361,4.817,4.3943,3.9293,3.3979,2.7129,1.9946,1.4076,1.02,0.8032,0.6963,0.6464,0.6236,0.6101,0.5905,0.5712,0.5478,0.5181,0.4818,0.4419
1210,Napthol red Light,46.9015,54.1504,36.6665,4.42,4.45,4.52,4.53,4.58,4.5,4.64,4.68,4.82,4.93,5.0,5.21,5.35,5.29,5.33,5.48,6.06,8.04,13.04,22.76,36.05,50.4,64.62,75.02,80.44,83.28,84.79,85.61,86.11,86.45,86.91,10.3343,10.2582,10.0845,10.0602,9.9399,10.1336,9.7991,9.7072,9.3975,9.1666,9.025,8.623,8.3725,8.4782,8.4075,8.1515,7.2811,5.2591,2.8996,1.3106,0.5672,0.2441,0.0969,0.0416,0.0238,0.0168,0.0136,0.0121,0.0112,0.0106,0.0099
1220,Napthol Red Medium,37.1918,40.6303,21.5969,4.31,4.27,4.26,4.23,4.29,4.24,4.34,4.36,4.38,4.44,4.43,4.54,4.61,4.61,4.64,4.67,4.92,5.54,7.06,10.2,15.31,22.31,31.2,41.47,52.43,63.04,70.97,76.06,79.23,81.26,82.84,10.6225,10.731,10.7584,10.8415,10.6765,10.8137,10.5424,10.4897,10.4374,10.2835,10.3088,10.0359,9.869,9.869,9.7991,9.73,9.1872,8.053,6.1175,3.953,2.3424,1.3527,0.7586,0.413,0.2158,0.1083,0.0594,0.0377,0.0272,0.0216,0.0178
1225,Nickel Azo Yellow,51.1951,16.3012,41.5359,4.46,4.37,4.31,4.33,4.4,4.33,4.6,5.1,6.78,9.06,11.08,12.51,13.65,14.9,16.32,17.96,19.71,21.22,23.32,26.77,29.89,30.98,32.07,35.87,41.79,46.67,47.56,46.53,47.75,51.86,56.22,10.2331,10.4635,10.6225,10.569,10.3856,10.569,9.8926,8.8294,6.4085,4.5641,3.568,3.0594,2.7313,2.4302,2.1453,1.8738,1.6353,1.4624,1.2607,1.0016,0.8223,0.7688,0.7194,0.5733,0.4054,0.3047,0.2891,0.3072,0.2859,0.2234,0.1705
1240,Paynes Gray,23.6871,0.2293,-2.9485,4.68,4.64,4.61,4.61,4.63,4.56,4.57,4.49,4.43,4.36,4.22,4.16,4.08,3.98,3.95,3.92,3.9,3.88,3.85,3.86,3.88,3.87,3.86,3.9,3.89,3.91,3.96,3.97,4.05,4.09,4.17,9.7072,9.7991,9.869,9.869,9.8223,9.9877,9.9638,10.1583,10.3088,10.4897,10.8694,11.04,11.2753,11.5827,11.678,11.7747,11.84,11.906,12.0063,11.9727,11.906,11.9392,11.9727,11.84,11.8729,11.8073,11.6461,11.6143,11.3659,11.2454,11.0113
1250,Perm Green Light,45.6531,-50.6616,20.9782,5.2,5.21,5.27,5.28,5.38,5.34,5.46,6.59,13.66,24.33,32.04,32.9,29.22,24.4,19.48,14.92,11.27,8.76,7.03,5.85,5.19,4.87,4.81,4.8,4.8,4.83,4.98,5.13,5.31,5.43,5.53,8.6414,8.623,8.514,8.4961,8.3206,8.39,8.1848,6.6202,2.7286,1.1767,0.7207,0.6843,0.8573,1.1712,1.6641,2.4258,3.4929,4.7516,6.1475,7.5763,8.6599,9.2913,9.4191,9.4407,9.4407,9.3761,9.0651,8.7722,8.4427,8.2353,8.0692
1252,Permanent Maroon,26.7891,5.2215,0.0304,5.5,5.31,5.18,5.09,5.09,5.02,5.02,4.9,4.85,4.8,4.68,4.63,4.57,4.55,4.54,4.53,4.57,4.69,4.95,5.58,6.5,6.8,6.54,6.17,5.89,5.69,5.63,5.63,5.68,5.83,6.05,8.1184,8.4427,8.6784,8.8486,8.8486,8.9853,8.9853,9.2286,9.3335,9.4407,9.7072,9.8223,9.9638,10.0118,10.0359,10.0602,9.9638,9.6844,9.1258,7.9885,6.7248,6.3869,6.678,7.1346,7.5184,7.8158,7.9091,7.9091,7.8312,7.6055,7.2947
1253,Permanent Violet Dark,26.6158,7.8443,-5.9845,8.42,8.52,8.11,7.58,6.89,6.16,5.68,5.26,4.96,4.76,4.56,4.49,4.39,4.35,4.43,4.47,4.52,4.7,5.06,5.52,5.92,6.1,6.15,6.14,6.15,6.22,6.33,6.36,6.44,6.61,6.9,4.9803,4.9111,5.2058,5.6342,6.2913,7.1477,7.8312,8.532,9.1054,9.528,9.9877,10.1583,10.4115,10.516,10.3088,10.208,10.0845,9.6618,8.9067,8.0856,7.4755,7.2272,7.1608,7.174,7.1608,7.0697,6.9305,6.8934,6.7962,6.5973,6.2809
1255,Phthalo Blue GS,25.1072,8.8397,-19.7548,7.44,8.14,8.12,8.34,10.02,11.32,10.69,9.13,7.28,5.81,4.74,4.22,3.96,3.85,3.83,3.79,3.75,3.78,3.85,3.94,4.08,4.25,4.45,4.63,4.75,4.85,4.89,4.8,4.76,4.75,4.91,5.7576,5.1832,5.1982,5.0369,4.0401,3.4736,3.7307,4.5221,5.9045,7.6349,9.5722,10.8694,11.6461,12.0063,12.074,12.2116,12.3521,12.2464,12.0063,11.7101,11.2753,10.786,10.2582,9.8223,9.5501,9.3335,9.2494,9.4407,9.528,9.5501,9.2078
1260,Phthalo Blue RS,23.9945,4.9572,-10.1374,5.7,5.91,5.86,5.8,6.23,6.85,7.05,6.31,5.26,4.52,4.07,3.94,3.86,3.8,3.78,3.72,3.72,3.8,3.88,3.97,4.06,4.18,4.32,4.43,4.46,4.41,4.39,4.28,4.25,4.29,4.41,7.8004,7.4898,7.5617,7.6497,7.0568,6.3335,6.1274,6.9555,8.532,10.0845,11.3054,11.7101,11.9727,12.1769,12.2464,12.4595,12.4595,12.1769,11.906,11.6143,11.3356,10.9826,10.5957,10.3088,10.2331,10.3599,10.4115,10.7036,10.786,10.6765,10.3599
1270,Phthalo Green BS,26.6774,-6.899,-4.7101,5.11,5.13,5.18,5.27,5.38,5.48,5.96,6.67,7.87,8.81,8.51,7.34,5.95,4.95,4.38,4.06,3.92,3.86,3.83,3.86,3.92,4.05,4.24,4.37,4.49,4.64,4.88,4.97,5.04,5.03,5.01,8.8103,8.7722,8.6784,8.514,8.3206,8.1515,7.4191,6.5296,5.3926,4.7194,4.918,5.8487,7.4331,9.1258,10.4374,11.3356,11.7747,11.9727,12.074,11.9727,11.7747,11.3659,10.8137,10.4635,10.1583,9.7991,9.2703,9.0852,8.9458,8.9655,9.0051
1275,Phthalo Green YS,27.7313,-12.4119,0.5875,4.68,4.68,4.7,4.76,4.87,4.88,5.1,5.43,6.12,6.97,8.03,8.67,8.14,6.97,5.72,4.72,4.2,3.98,3.88,3.83,3.84,3.81,3.85,3.9,3.95,4.04,4.24,4.35,4.45,4.52,4.6,9.7072,9.7072,9.6618,9.528,9.2913,9.2703,8.8294,8.2353,7.2005,6.2085,5.2668,4.8104,5.1832,6.2085,7.7699,9.6168,10.9258,11.5827,11.906,12.074,12.04,12.1424,12.0063,11.84,11.678,11.3964,10.8137,10.516,10.2582,10.0845,9.8926
1460,Prussian Blue Hue,24.1217,1.9194,-3.0889,5.23,5.18,5.04,4.89,4.89,4.77,4.65,4.51,4.38,4.31,4.17,4.15,4.12,4.05,4.01,3.94,3.94,4.02,4.08,4.12,4.18,4.24,4.34,4.43,4.45,4.45,4.44,4.32,4.28,4.3,4.38,8.5864,8.6784,8.9458,9.2494,9.2494,9.506,9.7759,10.109,10.4374,10.6225,11.0113,11.0689,11.1565,11.3659,11.4889,11.7101,11.7101,11.4579,11.2753,11.1565,10.9826,10.8137,10.5424,10.3088,10.2582,10.2582,10.2835,10.5957,10.7036,10.6494,10.4374
1276,Pyrrole Orange,56.1903,60.8562,54.2233,4.26,4.17,4.15,4.19,4.27,4.31,4.37,4.37,4.57,4.7,4.53,4.37,4.49,4.79,4.79,5.03,8.74,19.04,35.03,52.41,68.44,80.48,86.28,88.15,89.06,90.06,90.67,90.96,90.95,91.0,91.12,10.7584,11.0113,11.0689,10.9541,10.731,10.6225,10.4635,10.4635,9.9638,9.6618,10.0602,10.4635,10.1583,9.4624,9.4624,8.9655,4.7645,1.7213,0.6025,0.2161,0.0728,0.0237,0.0109,0.008,0.0067,0.0055,0.0048,0.0045,0.0045,0.0045,0.0043
1277,Pyrrole Red,42.4217,55.2668,31.8041,4.14,4.05,4.01,4.05,4.09,4.07,4.15,4.11,4.1,4.15,4.12,4.19,4.16,4.08,4.14,4.27,4.51,4.55,4.92,12.24,28.62,45.2,58.61,68.97,75.72,79.66,82.01,83.84,85.41,86.74,87.86,11.098,11.3659,11.4889,11.3659,11.2454,11.3054,11.0689,11.186,11.2156,11.0689,11.1565,10.9541,11.04,11.2753,11.098,10.731,10.109,10.0118,9.1872,3.1462,0.8901,0.3322,0.1461,0.0698,0.0389,0.026,0.0197,0.0156,0.0125,0.0101,0.0084
1278,Pyrrole Red Dark,37.4463,45.142,21.8642,5.67,5.01,4.54,4.37,4.31,4.23,4.29,4.26,4.29,4.35,4.32,4.39,4.45,4.48,4.47,4.52,4.75,5.09,5.55,7.1,11.99,22.04,37.06,52.76,65.78,75.27,80.44,82.69,83.75,84.47,85.18,7.8467,9.0051,10.0359,10.4635,10.6225,10.8415,10.6765,10.7584,10.6765,10.516,10.5957,10.4115,10.2582,10.1831,10.208,10.0845,9.5501,8.8486,8.0368,6.0778,3.2301,1.3788,0.5345,0.2115,0.089,0.0406,0.0238,0.0181,0.0158,0.0143,0.0129
1279,Pyrrole Red Light,47.0965,57.1416,37.8768,4.38,4.35,4.4,4.48,4.54,4.46,4.49,4.42,4.41,4.4,4.31,4.35,4.33,4.34,4.44,4.51,5.01,7.64,14.43,25.77,39.87,54.08,66.46,75.08,79.85,83.21,86.38,88.95,90.36,91.07,91.42,10.4374,10.516,10.3856,10.1831,10.0359,10.2331,10.1583,10.3343,10.3599,10.3856,10.6225,10.516,10.569,10.5424,10.2835,10.109,9.0051,5.5827,2.5372,1.0691,0.4534,0.195,0.0846,0.0414,0.0254,0.0169,0.0107,0.0069,0.0051,0.0044,0.004
1280,Quin Burnt Orange,29.0357,14.553,7.028,4.55,4.42,4.37,4.33,4.39,4.36,4.46,4.42,4.46,4.51,4.4,4.35,4.35,4.4,4.36,4.26,4.4,4.98,6.37,8.19,9.55,10.27,10.74,11.09,11.47,12.02,12.77,13.69,14.91,16.53,18.72,10.0118,10.3343,10.4635,10.569,10.4115,10.4897,10.2331,10.3343,10.2331,10.109,10.3856,10.516,10.516,10.3856,10.4897,10.7584,10.3856,9.0651,6.8811,5.146,4.2834,3.9199,3.7092,3.564,3.4165,3.2198,2.9793,2.7208,2.428,2.1075,1.7645
1290,Quin Crimson,26.1715,11.9602,2.9238,4.57,4.43,4.37,4.29,4.31,4.22,4.25,4.17,4.16,4.15,4.08,4.09,4.08,4.05,4.04,4.01,4.06,4.09,4.14,4.34,5.07,6.38,8.41,10.6,12.59,14.4,16.1,17.47,18.16,19.42,22.56,9.9638,10.3088,10.4635,10.6765,10.6225,10.8694,10.786,11.0113,11.04,11.0689,11.2753,11.2454,11.2753,11.3659,11.3964,11.4889,11.3356,11.2454,11.098,10.5424,8.8873,6.8689,4.9874,3.77,3.0344,2.5442,2.1861,1.9494,1.8441,1.6718,1.3291
1305,Quin Magenta,31.1919,28.3637,4.1431,8.11,7.93,7.4,6.85,6.22,5.59,5.23,4.91,4.68,4.55,4.42,4.39,4.33,4.36,4.48,4.52,4.57,4.77,5.1,5.76,6.99,9.36,14.78,23.41,33.2,41.97,48.32,52.58,55.63,58.13,60.66,5.2058,5.3448,5.7938,6.3335,7.0697,7.9725,8.5864,9.2078,9.7072,10.0118,10.3343,10.4115,10.569,10.4897,10.1831,10.0845,9.9638,9.506,8.8294,7.7094,6.188,4.3887,2.4568,1.2529,0.672,0.4012,0.2764,0.2138,0.1769,0.1508,0.1276
1301,Quin Nickel Azo,36.4711,20.9487,18.8502,4.31,4.25,4.24,4.24,4.28,4.24,4.4,4.7,5.59,6.4,6.56,6.46,6.43,6.55,6.34,5.85,5.84,7.21,10.3,13.91,16.58,18.12,19.47,21.24,23.62,26.22,28.36,30.16,32.61,36.05,40.05,10.6225,10.786,10.8137,10.8137,10.7036,10.8137,10.3856,9.6618,7.9725,6.8445,6.6548,6.7722,6.8082,6.6663,6.9181,7.5763,7.5908,5.9709,3.9059,2.6641,2.0986,1.85,1.6654,1.4602,1.235,1.038,0.9048,0.8086,0.6963,0.5672,0.4487
1310,Quin Red,36.3232,40.3082,15.1989,8.22,7.94,7.13,6.26,5.51,4.94,4.73,4.5,4.4,4.41,4.33,4.35,4.43,4.5,4.48,4.47,4.69,5.33,6.6,8.79,13.59,22.92,33.81,41.61,46.77,51.26,55.31,58.9,62.17,65.37,68.61,5.1238,5.3369,6.0483,7.0185,8.102,9.1462,9.5945,10.1336,10.3856,10.3599,10.569,10.516,10.3088,10.1336,10.1831,10.208,9.6844,8.4075,6.6088,4.7322,2.7471,1.2961,0.6479,0.4097,0.3029,0.2317,0.1805,0.1434,0.1151,0.0917,0.0718
1320,Quin Red Light,41.8174,44.9982,20.8537,9.59,9.17,8.31,7.37,6.55,5.93,5.46,5.05,4.87,4.73,4.53,4.6,4.68,4.66,4.76,5.15,6.15,8.27,12.23,18.48,26.66,35.02,42.16,47.55,51.98,56.2,59.88,62.89,65.41,67.72,70.0,4.2617,4.4984,5.0584,5.8211,6.6663,7.4614,8.1848,8.9262,9.2913,9.5945,10.0602,9.8926,9.7072,9.7529,9.528,8.7345,7.1608,5.0873,3.1495,1.798,1.0088,0.6029,0.3968,0.2893,0.2218,0.1707,0.1344,0.1095,0.0915,0.0769,0.0643
1330,Quin Violet,29.7422,25.3452,7.2132,6.26,5.72,5.3,4.94,4.69,4.49,4.4,4.28,4.25,4.24,4.16,4.16,4.18,4.18,4.16,4.15,4.24,4.47,4.81,5.22,5.99,8.17,14.1,22.62,29.96,35.09,38.72,41.75,44.54,47.18,49.86,7.0185,7.7699,8.4605,9.1462,9.6844,10.1583,10.3856,10.7036,10.786,10.8137,11.04,11.04,10.9826,10.9826,11.04,11.0689,10.8137,10.208,9.4191,8.6046,7.3772,5.1608,2.6166,1.3235,0.8187,0.6004,0.4849,0.4064,0.3453,0.2957,0.2521
1340,Raw Sienna,50.8851,16.1519,31.2062,5.57,5.74,5.96,6.44,7.2,7.62,7.81,7.79,7.97,8.39,9.09,10.12,11.52,13.32,15.61,18.25,21.18,24.18,26.8,28.69,29.78,30.18,30.29,30.28,30.29,30.5,30.74,31.09,31.64,32.4,33.37,8.0045,7.7395,7.4191,6.7962,5.9804,5.5998,5.4411,5.4574,5.3134,5.0014,4.546,3.9913,3.3979,2.8204,2.2811,1.831,1.4666,1.1887,0.9997,0.8862,0.8279,0.8076,0.8022,0.8027,0.8022,0.7918,0.7802,0.7637,0.7385,0.7052,0.6652
1350,Raw Umber,29.2908,1.8799,4.256,4.72,4.76,4.78,4.88,5.0,5.03,5.12,5.07,5.14,5.25,5.29,5.44,5.53,5.65,5.8,5.94,6.1,6.23,6.37,6.47,6.58,6.6,6.68,6.69,6.74,6.78,6.87,6.85,6.85,6.87,6.93,9.6168,9.528,9.4842,9.2703,9.025,8.9655,8.7912,8.8873,8.7533,8.5501,8.4782,8.2184,8.0692,7.8778,7.6497,7.4472,7.2272,7.0568,6.8811,6.7603,6.6317,6.6088,6.5184,6.5073,6.4521,6.4085,6.3124,6.3335,6.3335,6.3124,6.2497
1360,Red Oxide,38.7536,30.3919,21.6795,4.76,4.77,4.81,4.8,4.8,4.78,4.8,4.8,4.82,4.89,4.89,4.98,5.07,5.17,5.4,5.86,7.0,9.39,13.23,17.89,22.13,25.08,26.88,27.99,28.82,29.76,30.9,32.17,33.69,35.4,37.28,9.528,9.506,9.4191,9.4407,9.4407,9.4842,9.4407,9.4407,9.3975,9.2494,9.2494,9.0651,8.8873,8.697,8.2863,7.5617,6.1779,4.3718,2.8454,1.8843,1.37,1.119,0.9945,0.9263,0.879,0.8289,0.7726,0.7151,0.6526,0.5894,0.5276
1461,Sap Green Hue,27.5703,-3.0917,3.1402,4.46,4.43,4.46,4.44,4.49,4.43,4.58,4.83,5.33,5.56,5.5,5.46,5.39,5.38,5.42,5.46,5.52,5.56,5.46,5.28,5.1,4.85,4.72,4.64,4.58,4.54,4.61,4.62,4.66,4.73,4.81,10.2331,10.3088,10.2331,10.2835,10.1583,10.3088,9.9399,9.3761,8.4075,8.0206,8.1184,8.1848,8.3034,8.3206,8.2522,8.1848,8.0856,8.0206,8.1848,8.4961,8.8294,9.3335,9.6168,9.7991,9.9399,10.0359,9.869,9.8456,9.7529,9.5945,9.4191
1468,Terre Verte Hue,35.5669,-6.5735,8.1753,6.28,6.6,6.54,6.41,6.44,6.39,6.46,6.54,6.79,7.17,7.65,8.36,9.33,10.17,10.53,10.4,9.9,9.29,8.74,8.25,7.81,7.37,7.08,6.9,6.83,6.77,6.88,7.1,7.45,7.93,8.51,6.9932,6.6088,6.678,6.8324,6.7962,6.8567,6.7722,6.678,6.3977,6.0094,5.5742,5.0227,4.4057,3.9673,3.801,3.8597,4.1,4.4286,4.7645,5.1019,5.4411,5.8211,6.0975,6.2809,6.3548,6.4194,6.3018,6.0778,5.7487,5.3448,4.918
1370,Titan Buff,85.4117,0.9614,15.2057,25.95,35.29,40.63,44.43,48.19,51.39,54.15,56.19,57.8,58.97,60.23,61.63,63.23,64.66,66.05,67.41,68.72,69.95,71.05,71.97,72.81,73.52,74.12,74.72,75.08,75.62,75.96,76.29,76.56,76.84,77.11,1.0565,0.5933,0.4338,0.3475,0.2785,0.2299,0.1941,0.1708,0.1541,0.1427,0.1313,0.1194,0.1069,0.0966,0.0873,0.0788,0.0712,0.0645,0.059,0.0546,0.0508,0.0477,0.0452,0.0428,0.0414,0.0393,0.038,0.0368,0.0359,0.0349,0.034
1375,Titanate Yellow,89.446,-6.9038,56.8447,7.28,8.46,10.17,12.59,16.15,20.57,26.51,33.11,41.14,48.89,56.78,63.83,70.24,75.76,80.35,83.7,85.85,86.97,87.4,87.08,86.14,84.61,82.59,80.37,78.06,76.05,74.22,72.92,72.0,71.42,70.8,5.9045,4.9525,3.9673,3.0344,2.1767,1.5336,1.0186,0.6757,0.4211,0.2672,0.1645,0.1025,0.063,0.0388,0.024,0.0159,0.0117,0.0098,0.0091,0.0096,0.0112,0.014,0.0184,0.024,0.0308,0.0377,0.0448,0.0503,0.0544,0.0572,0.0602
1383,Transparent Brown Iron Oxide,29.067,3.7177,3.1233,5.08,5.09,5.11,5.14,5.23,5.16,5.24,5.18,5.19,5.21,5.17,5.24,5.25,5.28,5.39,5.58,5.84,6.19,6.51,6.72,6.89,6.91,6.92,6.86,6.8,6.74,6.76,6.68,6.63,6.59,6.61,8.8679,8.8486,8.8103,8.7533,8.5864,8.7157,8.5682,8.6784,8.6599,8.623,8.697,8.5682,8.5501,8.4961,8.3034,7.9885,7.5908,7.1085,6.713,6.4741,6.2913,6.2704,6.26,6.3229,6.3869,6.4521,6.4302,6.5184,6.5746,6.6202,6.5973
1384,Transparent Pyrrole Orange,49.1181,55.1757,41.7381,4.55,4.42,4.37,4.38,4.39,4.34,4.39,4.36,4.43,4.46,4.46,4.5,4.5,4.55,4.9,5.82,7.75,11.35,18.53,30.57,45.05,57.76,67.14,73.25,77.12,79.93,81.78,82.88,83.53,84.05,84.69,10.0118,10.3343,10.4635,10.4374,10.4115,10.5424,10.4115,10.4897,10.3088,10.2331,10.2331,10.1336,10.1336,10.0118,9.2286,7.6202,5.4904,3.462,1.791,0.7884,0.3351,0.1545,0.0804,0.0488,0.0339,0.0252,0.0203,0.0177,0.0162,0.0151,0.0138
1385,Transparent Red Iron Oxide,32.6223,14.9768,9.1323,5.01,5.05,5.09,5.15,5.23,5.18,5.26,5.23,5.27,5.3,5.3,5.34,5.39,5.46,5.62,5.88,6.35,7.1,8.06,9.19,10.49,11.8,13.19,14.48,15.79,17.26,18.93,20.71,22.74,25.0,27.55,9.0051,8.9262,8.8486,8.7345,8.5864,8.6784,8.532,8.5864,8.514,8.4605,8.4605,8.39,8.3034,8.1848,7.9249,7.5328,6.9058,6.0778,5.2438,4.4866,3.8189,3.2963,2.8567,2.5254,2.2455,1.9832,1.736,1.5178,1.3125,1.125,0.9526
1386,Transparent Yellow Iron Oxide,47.7407,16.9336,26.8077,6.34,6.38,6.51,6.75,7.23,7.39,7.32,7.14,7.14,7.32,7.63,8.25,9.2,10.59,12.66,15.41,18.72,21.95,24.39,25.71,26.15,26.02,25.78,25.53,25.53,25.86,26.53,27.46,28.72,30.44,32.65,6.9181,6.8689,6.713,6.4412,5.9518,5.8028,5.8672,6.0385,6.0385,5.8672,5.5912,5.1019,4.4808,3.7744,3.0127,2.3217,1.7645,1.3877,1.172,1.0733,1.0428,1.0517,1.0684,1.0861,1.0861,1.0628,1.0173,0.9581,0.8845,0.7948,0.6946
1390,Turquoise,25.2362,-1.5798,-6.2702,5.09,5.1,5.12,5.21,5.32,5.49,5.94,6.61,7.21,7.22,6.23,5.22,4.55,4.17,4.0,3.9,3.85,3.88,3.9,3.89,3.99,4.12,4.27,4.39,4.44,4.54,4.67,4.66,4.71,4.7,4.73,8.8486,8.8294,8.7912,8.623,8.4251,8.1349,7.4472,6.5973,5.9709,5.9613,7.0568,8.6046,10.0118,11.0113,11.52,11.84,12.0063,11.906,11.84,11.8729,11.5513,11.1565,10.731,10.4115,10.2835,10.0359,9.73,9.7529,9.6393,9.6618,9.5945
1400,Ultramarine Blue,25.2126,16.2083,-31.3668,7.94,9.43,11.54,14.21,16.95,17.8,15.28,10.69,6.62,4.76,4.15,4.04,3.96,3.88,3.87,3.83,3.8,3.81,3.8,3.79,3.82,3.82,3.83,3.84,3.84,3.89,3.94,3.98,4.04,4.17,4.38,5.3369,4.3494,3.3905,2.5897,2.0346,1.898,2.3487,3.7307,6.586,9.528,11.0689,11.3964,11.6461,11.906,11.9392,12.074,12.1769,12.1424,12.1769,12.2116,12.1081,12.1081,12.074,12.04,12.04,11.8729,11.7101,11.5827,11.3964,11.0113,10.4374
1462,Van Dyke Brown Hue,25.1097,0.454,0.6312,4.3,4.29,4.33,4.32,4.34,4.33,4.34,4.33,4.33,4.37,4.33,4.37,4.36,4.36,4.4,4.44,4.48,4.54,4.56,4.56,4.57,4.56,4.55,4.54,4.51,4.5,4.5,4.48,4.47,4.46,4.46,10.6494,10.6765,10.569,10.5957,10.5424,10.569,10.5424,10.569,10.569,10.4635,10.569,10.4635,10.4897,10.4897,10.3856,10.2835,10.1831,10.0359,9.9877,9.9877,9.9638,9.9877,10.0118,10.0359,10.109,10.1336,10.1336,10.1831,10.208,10.2331,10.2331
1405,Violet Oxide,32.194,19.3147,9.4365,5.09,5.09,5.05,5.07,5.06,4.97,5.0,4.92,4.91,4.91,4.87,4.89,4.89,4.9,4.95,5.03,5.32,6.08,7.55,9.72,12.07,13.91,15.23,16.1,16.88,17.73,18.78,19.94,21.34,22.96,24.85,8.8486,8.8486,8.9262,8.8873,8.9067,9.0852,9.025,9.1872,9.2078,9.2078,9.2913,9.2494,9.2494,9.2286,9.1258,8.9655,8.4251,7.2541,5.6603,4.1926,3.2029,2.6641,2.3591,2.1861,2.0465,1.9087,1.7563,1.6072,1.4497,1.2925,1.1363
1469,Viridian Green Hue,35.2061,-23.2261,-0.0673,9.99,9.25,8.47,7.86,7.69,7.5,7.2,7.93,11.69,15.65,17.08,16.2,14.01,11.49,9.16,7.31,6.05,5.37,5.06,4.93,4.86,4.79,4.8,4.81,4.81,4.87,4.99,4.96,4.9,4.83,4.83,4.055,4.4517,4.9455,5.4006,5.5404,5.7042,5.9804,5.3448,3.3356,2.2731,2.0128,2.1674,2.6389,3.4091,4.5043,5.8765,7.2947,8.3378,8.9067,9.1666,9.3124,9.4624,9.4407,9.4191,9.4191,9.2913,9.045,9.1054,9.2286,9.3761,9.3761
1407,Yellow Ochre,57.1313,17.8458,39.4022,5.82,5.98,6.27,6.78,7.7,8.36,8.59,8.67,8.97,9.48,10.38,11.81,13.86,16.66,20.33,24.56,29.05,33.27,36.62,38.65,39.46,39.46,39.16,38.82,38.62,38.71,38.88,39.23,39.87,40.82,42.05,7.6202,7.3911,7.0058,6.4085,5.532,5.0227,4.8637,4.8104,4.619,4.3217,3.8689,3.2928,2.6768,2.0845,1.5611,1.1586,0.8664,0.6692,0.5485,0.4869,0.4644,0.4644,0.4726,0.4821,0.4878,0.4852,0.4804,0.4707,0.4534,0.429,0.3993
1410,Yellow Oxide,62.6047,15.4302,46.002,5.97,6.22,6.56,7.23,8.37,9.19,9.52,9.64,10.08,10.78,11.97,13.85,16.71,20.76,26.42,33.21,39.8,44.53,46.77,47.0,46.2,45.05,43.93,43.0,42.41,42.24,42.21,42.4,42.91,43.8,44.98,7.4051,7.0697,6.6548,5.9518,5.0156,4.4866,4.2997,4.2349,4.0107,3.6921,3.237,2.6794,2.0758,1.5123,1.0246,0.6716,0.4553,0.3455,0.3029,0.2988,0.3133,0.3351,0.3578,0.3778,0.391,0.3949,0.3956,0.3912,0.3798,0.3606,0.3365
